track_id,title,artist_id,popularity,duration_ms,like
5mhUPDWQH3s544WCsa0r9w,Human,0C0XlULifJtAgn6ZNCW2eu,63.0,245360.0,1.0
10ViidwjGLCfVtGPfdcszR,Home,7giUHu5pv6YTZgSkxxCcgh,68.0,306320.0,1.0
1Thv8uCYzyOFC7PME9J936,The Island - Pt. I (Dawn),7MqnCTCAX6SsIYYdJCQj9B,56.0,320173.0,1.0
0Yo8GhK9HEaeIZetPARrW9,Radioactive,53XhwfbYqKCa1cC15pYq2q,53.0,188120.0,1.0
3ZH2HcN2Q5jXrsnRznS98E,Storytime - Radio Edit,2NPduAUeLVsfIauhRwuft1,19.0,239173.0,1.0
36482hNESSwELpr9sS3NbE,A Little Party Never Killed Nobody (All We Got),3r17AfJCCUqC9Lf0OAc73G,61.0,241306.0,1.0
0qnqsfFYgBo0sPHM2JmfTq,"Right Here, Right Now",4Y7tXHSEejGu1vQ9bwDdXW,57.0,387706.0,1.0
3FKmqPkNa8f1UIZuw3SSfV,Solo Dolo (nightmare),0fA0VVWsXO9YnASrzqfmYu,36.0,266306.0,1.0
6GyFP1nfCDB8lbD2bG0Hq9,Midnight City,63MQldklfxkjYDoUE4Tppz,72.0,243960.0,1.0
5s0dPzEGFSuXlQxTrxIWYa,Everyday - Netsky Remix,4BTcOR2hEQZQQL5AMo5u10,50.0,251669.0,1.0
25R6UFrB9DKhEWkNhOLe5u,I Need A Dollar,0id62QV2SZZfvBn9xpmuCl,59.0,244373.0,1.0
0gGjq7TPqnLPkP67lY4AOY,Show Me A Sign,5zYJziKktyqWwmoAWXrShP,33.0,272266.0,1.0
2d31CAmBHE7k2gqcijelyY,Firefly,3izxIb8kNtirg63VhYPW8u,7.0,107013.0,1.0
17hcFa5JZWpaSJ36Bi3nTw,Worlds Collide (feat. Nicki Taylor),47mIJdHORyRerp4os813jD,56.0,216308.0,1.0
3bbtEl3UDzQn0ti5TqPtRH,Sunlight,5zYJziKktyqWwmoAWXrShP,42.0,230120.0,1.0
0lEwO2YMAAMS9yA7mRm2Qj,Skrillex Orchestral Suite By Varien - Bonus Track,5he5w2lnU9x7JFhnwcekXX,41.0,414746.0,1.0
6JR1bEuC7QtHKF2zLIbOyr,So Small - Radio Edit,5nkYRuiIHg2xXHFC8bfosJ,24.0,204718.0,1.0
7sXxvOVFtMr31xj0kX9BFV,Hit The Road Jack,1eYhYunlNJlDoQhtYBvPsi,59.0,129906.0,1.0
6xy6jNeNTYwjnKTDzMyHw2,Zombie,7t0rwkOPGlDPEhaOcVtOt9,68.0,306364.0,1.0
3JPMPDLIxizTViltvBQdJg,Cocaine - Original,20bAxKr0YrCvceZeLqs37e,45.0,251946.0,1.0
5MVFC8gIxpME3I14O2s2ir,Juicebox,48q2mPVwlKnlSaCx07i6Ta,30.0,225600.0,1.0
2DX0WG5OGLQLaXb41Cq1IA,I Will Survive - Remastered,6V6WCgi7waF55bJmylC4H5,54.0,295666.0,1.0
6RHHbAbyIcPpvS1dP3KUGq,Running Up That Hill,6RZUqkomCmb8zCRqc9eznB,57.0,297320.0,1.0
043bfUkTydw0xJ5JjOT91w,Don't You Worry Child (feat. John Martin),1h6Cn3P4NGzXbaXidqURXs,50.0,403493.0,1.0
2Atzk0W2RHeZw2oIiaBubK,Tommy's Theme - Original,4YWj8sohRDjL9deiuRvEEY,45.0,280308.0,1.0
1p1FlZKTBBkI6618JN8J9B,The Curse of the Sad Mummy,47mIJdHORyRerp4os813jD,50.0,239538.0,1.0
0UrWr7Jnu1heq1o99ZwUd0,Youth Of The Nation,6KO6G41BBLTDNYOLefWTMU,66.0,256240.0,1.0
2V65y3PX4DkRhy1djlxd9p,Don't You Worry Child (Radio Edit) [feat. John Martin],1h6Cn3P4NGzXbaXidqURXs,75.0,212862.0,1.0
0GyHND3iHS0jMz4dVLsC0N,D.A.N.C.E.,1gR0gsQYfi6joyO1dlp76N,46.0,209986.0,1.0
4OVMyfD4RCfXbtvRq82lvD,My Name Is Stain,0VJIBKdqJygrupAxpSTk7q,42.0,205173.0,1.0
2aoo2jlRnM3A0NyLQqMN2f,All Along the Watchtower,776Uo845nYHJpNaStv1Ds4,72.0,240800.0,1.0
0t5riyjMDECqO2tnVn9IVT,Le Héros D'Un Autre,5WtRj3WwZ4Bq2oxLdi3BuH,10.0,197920.0,1.0
2RlgNHKcydI9sayD2Df2xp,Mr. Blue Sky,7jefIIksOi1EazgRTfW2Pk,65.0,303373.0,1.0
0d28khcov6AiegSCpG5TuT,Feel Good Inc,3AA28KZvwAUcZuOKwyblJQ,76.0,222640.0,1.0
0VffaI2jwQknRrxpECYHsF,Greyhound,1h6Cn3P4NGzXbaXidqURXs,65.0,410096.0,1.0
4EafUPyMqBF6hYLDttnDOu,Wonder Why,2JLl6rSFWx9YuSPLcLhkAG,26.0,233453.0,1.0
62yJjFtgkhUrXktIoSjgP2,Radioactive,53XhwfbYqKCa1cC15pYq2q,58.0,186813.0,1.0
3ibLBX13fWeowxbIFwygAN,All Night Long,34M4LcAKFb4852Iigq7BNv,0.0,239426.0,1.0
20I8RduZC2PWMWTDCZuuAN,Take Me Out,0XNa1vTidXlvJ2gHSsRi4A,67.0,237026.0,1.0
0h1UKhueXm1YFLpQjzwv0E,Ignite - 2016 League Of Legends World Championship,2qxJFvFYMEDqd7ui6kSAcq,62.0,195466.0,1.0
32IMcJ5pQ71rOFD0bIdneJ,Get Jinxed,47mIJdHORyRerp4os813jD,55.0,154960.0,1.0
4q7XSM6laraTPDglxDqn28,My First Kiss - feat. Ke$ha,0FWzNDaEu9jdgcYTbcOa4F,35.0,192520.0,1.0
0q6LuUqGLUiCPP1cbdwFs3,On Melancholy Hill,3AA28KZvwAUcZuOKwyblJQ,69.0,233866.0,1.0
1KQADAb1WscjfKMMF5JMFD,I'm Picky,0VJIBKdqJygrupAxpSTk7q,41.0,234000.0,1.0
35BjsiYKNkMA3JPZFXjgXt,Buffy The Vampire Slayer,76PJKS3IQsf4sSayx2taE0,0.0,100653.0,1.0
3rN3NK7KO1NiI1j79L5Bi8,Let's Bang,0VJIBKdqJygrupAxpSTk7q,40.0,242440.0,1.0
3ChV0OY2OMofstepo4uVXy,Les étoiles filantes,54BZLczVMsW9sPSIcUst1a,36.0,261480.0,1.0
0kYUrLVQOfx21xuXu7OGrT,All These Things That I've Done,0C0XlULifJtAgn6ZNCW2eu,63.0,301573.0,0.0
3e0yTP5trHBBVvV32jwXqF,Anna Sun,6DIS6PRrLS3wbnZsf7vYic,63.0,321280.0,0.0
4gLKwyeBDtXoqe5ev9QcqP,Something Good Can Work,536BYVgOnRky0xjsPT96zl,63.0,162906.0,0.0
4prEPl61C8qZpeo3IkYSMl,Sleepyhead,7gjAu1qr5C2grXeQFFOGeh,64.0,174760.0,0.0
4VbDJMkAX3dWNBdn3KH6Wx,Helena Beat,7gP3bB2nilZXLfPHJhMdvc,63.0,276173.0,0.0
3528IXKpbb7OMjdjWYlbfD,Everybody Talks,0RpddSzUHfncUWNJXKOsjy,64.0,177280.0,0.0
2l57cfmCnOkwNX1tky02n1,Move Along,3vAaWhdBR38Q02ohXqaNHT,64.0,238880.0,0.0
2takcwOaAZWiXQijPHIx7B,Time Is Running Out,12Chz98pHFMPJEknJQMWvI,63.0,237039.0,0.0
7fvgzmfXxrdTcrL3xh2cBD,Polaroid,53XhwfbYqKCa1cC15pYq2q,53.0,230013.0,0.0
3lUmaVqVvSGXahObJ85qWc,"Louder, Harder, Better",4sTQVOfp9vEMCemLw50sbu,53.0,266000.0,0.0
62BxlOvQCjLNQA5ARA4Dug,Runaways,0C0XlULifJtAgn6ZNCW2eu,53.0,243786.0,0.0
6oNDJSnkY0O4UIcgU8kwyz,Empty Gold,26VFTg2z8YR0cCuwLzESi2,53.0,207410.0,0.0
2xI3vq0WsAEs4tET6gthuw,Gorgeous,3NPpFNZtSTHheNBaWC82rB,53.0,197039.0,0.0
4gWTBq5Jftq5CEKYpLXD8R,Life After You,5P5FTygHyx2G57oszR3Wot,53.0,206413.0,0.0
37ebs6hDGOWK8SDAB2kZG5,Friction,53XhwfbYqKCa1cC15pYq2q,53.0,201813.0,0.0
2Xaw1RrXP3mdooKWysuRJ8,Monster,53XhwfbYqKCa1cC15pYq2q,58.0,249493.0,0.0
12HB8AmFTovKrFcGG36KbL,Delilah,1moxjboGR7GNWYIMWsRjgG,58.0,293468.0,0.0
2ZqTtndqAZDRAWw2vgZwQK,But It's Better If You Do,20JZFwl6HVl6yg8a4H3ZqK,58.0,205752.0,0.0
3iyjOwyySLRDEW2tqP7MhX,Read My Mind,0C0XlULifJtAgn6ZNCW2eu,58.0,246840.0,0.0
0Dv4DdNy1xnhNcCd9YVoiH,No Good in Goodbye,3AQRLZ9PuTAozP28Skbq8V,58.0,307680.0,0.0
0PiFqoXA2vCrowth039F1H,Open Your Eyes,3rIZMv9rysU7JkLzEaC5Jp,60.0,338813.0,0.0
6xLwpq74Od2hg00JvOIot4,Wish That You Were Here - From “Miss Peregrine’s Home for Peculiar Children” Original Motion Picture,1moxjboGR7GNWYIMWsRjgG,58.0,402797.0,0.0
36dfGEKTGHxLmdNIYr0VTi,I Walk The Line,26VFTg2z8YR0cCuwLzESi2,58.0,165213.0,0.0
3HreJkWbRih4QPnIMJQK1i,The Riddler,2NPduAUeLVsfIauhRwuft1,29.0,315960.0,0.0
0XBINH9paTQ0a6eJY6ekHN,The Unholy Gathering,14SgKNlOCKAI0PfRD1HnWh,19.0,309296.0,0.0
6bw3706uu5Oc1IpDDoDynf,Runereader,09b5OcuIELTdD7FfzQzcdB,19.0,323680.0,0.0
3svCACJnoN5tXC4KXekAUa,Asphalt Wings,4Tg06Sex4LzwcgVdfRrHlp,18.0,288306.0,0.0
51PgA6TcDfXQWhK9t48hU3,Circus Black,01DQQFGEOzbFugH5FcVAgI,16.0,228653.0,0.0
7qCQdJv7S5sDBd13Va5Zb6,Passing dead End,5kanN1nKzrkW1m2gZmo82x,15.0,264880.0,0.0
6A1iE41ofFInJGPRTBf2hr,The Eyes Of Sharbat Gula,2NPduAUeLVsfIauhRwuft1,29.0,364009.0,0.0
2aNLPSRXZ6gqBje5Ipor7E,I Luv Ugly,14SgKNlOCKAI0PfRD1HnWh,19.0,227680.0,0.0
5FCyoZGaN6nRod1oNDJIWZ,Breathe,4k1ELeJKT1ISyDv8JivPpB,57.0,334800.0,0.0
3dX6WDwnHwYzB5t754oB4T,Insomnia - Radio Edit,5T4UKHhr4HGIC0VzdZQtAE,57.0,215093.0,0.0
5ami95W9OOWQPwrBb5tud5,Watercolour,7MqnCTCAX6SsIYYdJCQj9B,57.0,304106.0,0.0
0MYTcPXAAmeKBUpBgtAV0J,D.A.N.C.E.,1gR0gsQYfi6joyO1dlp76N,58.0,242266.0,0.0
7ec55GDkRIBmsI8XKrG1lu,Disco 2000,36E7oYfz3LLRto6l2WmDcD,56.0,273733.0,0.0
0QwzCPyTv6UnzjAhZZ0CkB,Firestarter,4k1ELeJKT1ISyDv8JivPpB,56.0,279800.0,0.0
2MddqD0MryxIAKS03raHsz,You Wish,4tNxq9NGKTKaX8OkZBLgf0,57.0,210466.0,0.0
1BdLEZvwhGvuhID0GSQexC,Catch Me Here (feat. Conor Maynard),1f6TTocyaqNFvwD4xsrDTh,50.0,214646.0,0.0
11Cz8Naeb1fIOqtkkPVNzg,Mind Tricks,1JPy5PsJtkhftfdr6saN2i,50.0,233181.0,0.0
4RhqzzDMcbTM2LHWSX0k98,International Anthem,7muzHifhMdnfN1xncRLOqk,50.0,236913.0,0.0
2fhCYAGBFLuEJpbsfDFaTF,Fly Low (feat. Lox Chatterbox),48q2mPVwlKnlSaCx07i6Ta,50.0,205241.0,0.0
3JYcbD7v7VaPVJ1Z0QChZU,Blood Sugar,7MqnCTCAX6SsIYYdJCQj9B,50.0,315733.0,0.0
5l6tv2lFylSdCgkWyfHC0P,Sierra Leone,3YAy9OUnnRsk2JLTaOLcw2,50.0,292906.0,0.0
4nvIzUqkqaPrX6Flrm7P8S,Love Divine,0QaSiI5TLA4N7mcsdxShDO,50.0,281097.0,0.0
1Ts2AFMVmOpDnwcff18O3a,Fugue State,4uRYpUQZrNrY5t8tAv3XrD,33.0,214760.0,0.0
59pC50vkYv8E0qzBrftVV0,Make You Mine,5zYJziKktyqWwmoAWXrShP,32.0,219750.0,0.0
3lJRffuBUEpStI3JHeDK2u,Enter Shikari,31jvzuB4ikftPQZJwrYfCF,33.0,247386.0,0.0
36QuHumoUuBrDXOZ9GhsmP,Mecha Love,1369EOxSlL69yV9Yp1nVaR,33.0,288321.0,0.0
7EN5BINZxKJaqwKpRdWYoX,Swerve - Specimen A Remix,5FKchcZpQOkqFvXBj1aCvb,33.0,287951.0,0.0
14nFqHMkQ3rf3EH6sKAhcN,New World Disorder - 23's Orchestra Dubstyle Extravaganza,1m0rmoX1ma9A5HObTSNcqG,33.0,355500.0,0.0
2L0WWUx6C4j4nnuj5VFi0w,Won't You (Be There),4uRYpUQZrNrY5t8tAv3XrD,33.0,243400.0,0.0
51rtc57jQyChNLnwiurMM4,Sssnakepit,31jvzuB4ikftPQZJwrYfCF,33.0,205840.0,0.0
5TFcdf5E2cRcA3cCv5Vf1F,Distance Kills - Liquid Stranger Remix,3YAy9OUnnRsk2JLTaOLcw2,34.0,326501.0,0.0
4yTPADumFOQPhA0x8tN26W,Another Day - xKore Remix,5zYJziKktyqWwmoAWXrShP,42.0,259653.0,0.0
2mvjYOhEJ1T8f9UYT7fnPv,Feel Me,0Cd6nHYwecCNM1sVEXKlYr,42.0,196026.0,0.0
19iA8WqwBMSqR0JjxndLQ9,Hypest Hype,3jNkaOXasoc7RsxdchvEVq,43.0,209440.0,0.0
2yyzO7NRl2A3RqfqIISstA,Rat Trap,5FWi1mowu6uiU2ZHwr1rby,43.0,228094.0,0.0
5fC2H9ZmpCiLfhWLbE0lDp,Thumbs Up,3qnMl4DHT4gndzFAcG4FlM,43.0,235714.0,0.0
7BedC2HyWO3PxgzxTpToqN,Lost In The Crowd (LOCOJA Remix),1JPy5PsJtkhftfdr6saN2i,43.0,268083.0,0.0
2hl8lxRV5RLvXZhiG2yGxC,Sing - Yellow Claw & Cesqeaux Remix,5zYJziKktyqWwmoAWXrShP,41.0,243216.0,0.0
16tUjfbOz2vzcOC9KlMMfz,Can't Control Myself,0Cd6nHYwecCNM1sVEXKlYr,43.0,219026.0,0.0
6U1NDB1DscqQUGSHJnNwLL,Do I See Color,5CdJjUi9f0cVgo9nFuJrFa,42.0,231267.0,0.0
5qsKdwDWbhNTygUO4mGpix,We Won't Be Alone (feat. Laura Brehm),6RQ9kYbHisp1UUbnfwHNeU,56.0,234475.0,0.0
4l7VZQZ8ycQFqMPFTTsLgv,Kaleidoscope,0daugAjUgbJSqdlyYNwIbT,56.0,214787.0,0.0
4I58RPHVzDldHfK3t5HiZA,Leave It All Behind,5txAC0hwbFB09Nv8Y1hPJl,56.0,224086.0,0.0
2K7j4xrQENCi5r3Hii4cVe,Shatter Me Featuring Lzzy Hale,378dH6EszOLFShpRzAQkVM,57.0,280799.0,0.0
6Cyc1MlJ85UKlEE1WYWmcF,Melodymania,0lLY20XpZ9yDobkbHI7u1y,56.0,191349.0,0.0
05UMQXFCsa9oPnLgfJHVyF,Ezio's Family,3m6alJyeKYSCZ8078ttfaH,50.0,237900.0,0.0
0Pfdg72l2kQsh4sQHMRSbv,Geralt Of Rivia,07vycW8ICLf5hKb22PFWXw,50.0,141993.0,0.0
3WUthJCnJ0JpdpJgHuTg92,Reveries,1hCkSJcXREhrodeIHQdav8,50.0,180036.0,0.0
57h8M659lhKzIoGzkqZspD,Fairy Tail Main Theme (dj-Jo Remix),37aR5PqATWZwKvh9nkebho,50.0,278392.0,0.0
1Dg7o8Wfazuy6IopD2qucO,Emoji VIP,0lLY20XpZ9yDobkbHI7u1y,50.0,198347.0,0.0
2gCA0QBGcKMITXArKOMwoV,Caffeine (feat. Lamar Hall),08dD0frW9WYHRGVa40oILp,49.0,189426.0,0.0
3pTNVDJpzaLxiZnbC18SMX,Archangel,6BF0bXbsdujMSMeFZBGcBq,54.0,154857.0,0.0
1rbDgYU4In8OvJHAgE3lXu,All Alone,0lLY20XpZ9yDobkbHI7u1y,54.0,246285.0,0.0
7pPoBydlANHqWDYgm2DkSK,Cloud 9,1feoGrmmD8QmNqtK2Gdwy8,55.0,277577.0,0.0
02hAUjeZHXJSIIJdX4Esmb,Slumber Party,1kgxTtyF91VaqLD3J6Krd5,54.0,233587.0,0.0
3GJZLvGXaVszYdSBLMtJFX,Strength of a Thousand Men,6BF0bXbsdujMSMeFZBGcBq,57.0,136892.0,0.0
67YkHJvLYOR1mKdpQSTsUr,Never Be Alone,3OKg7YbOIatODzkRIbLJR4,55.0,260000.0,0.0
2qoZNAP3JLyIOtbsPtBjvV,What Christmas Means To Me,7guDJrEfX3qb6FEbdPA5qi,58.0,147226.0,0.0
0xh1nbm202VvLOlpp7JjPA,How Can You Mend a Broken Heart,3dkbV4qihUeMsqN4vBGg93,59.0,383493.0,0.0
0jkBzn7J5jc889TYxwvXy6,Think,7nwUJBm0HE4ZxD3f5cy5ok,60.0,138720.0,0.0
2EIaO5knwUA3F2qnf9LV3S,Beyond The Sea,0EodhzA6yW1bIdD5B4tcmJ,59.0,172480.0,0.0
0C5ex13H3zRMsqSROZu78W,I Put A Spell On You,7G1GBhoKtEPnP86X2PvEYO,59.0,155026.0,0.0
5q5q7yDHiVkBnaivsda4TN,Uptight (Everything's Alright),7guDJrEfX3qb6FEbdPA5qi,59.0,172013.0,0.0
6eJlEcRmeyQfTlDQBDyqkW,Soul Man,2BVYdY4PyfCF9z4NrkhEB2,57.0,156880.0,0.0
5K09WxKdlkroDyEVyOSySy,(You Make Me Feel Like) A Natural Woman,7nwUJBm0HE4ZxD3f5cy5ok,57.0,166812.0,0.0
2lXHg7BtTNoP39AezyCSfL,Disarm,40Yq4vzPs9VNUrIBG5Jr2i,56.0,196920.0,0.0
5gz38AxRkD6Ywxd4fr2pLj,Street Spirit (Fade Out),4Z8W4fKeB5YxbusRsdQVPb,56.0,253853.0,0.0
5tBnCBnTlDQQRdlqHe9qXq,Lucky Man,2cGwlqi3k18jFpUyTrsR84,59.0,293493.0,0.0
5ldBAeAubfRW49u7kAEjWx,Ooh La La,5BKsn7SCN2XmbF7apdCpRS,54.0,204373.0,0.0
1244xKUG27TnmQhUJlo3gU,Reapers,12Chz98pHFMPJEknJQMWvI,57.0,359520.0,0.0
2sy0icOIskeP2lCqgZiTyE,Talk Show Host,4Z8W4fKeB5YxbusRsdQVPb,54.0,281000.0,0.0
6B182GP3TvEfmgUoIMVUSJ,Evil,3WaJSfKnzc65VDgmj2zU8B,57.0,215826.0,0.0
2h0HkReHGCQPOEDZXEMcTO,Special Needs,6RZUqkomCmb8zCRqc9eznB,57.0,315986.0,0.0
6dsq7Nt5mIFzvm5kIYNORy,15 Step,4Z8W4fKeB5YxbusRsdQVPb,57.0,237293.0,0.0
1o2jjiTtiVJEtQyYzcRHnm,Zero,40Yq4vzPs9VNUrIBG5Jr2i,57.0,160173.0,0.0
0Ev2T20215s50FusZoHCBk,Rage the Night Away,77AiFEVeAVj2ORpC85QVJs,50.0,285000.0,0.0
2RTDwuOYrdVrfest9QVLlP,Calavera,6BrvowZBreEkXzJQMpL174,50.0,200625.0,0.0
531fH38d55w3ae5IZZ8EHE,Soldier,37awA8DFCAnCCL7aqYbDnD,50.0,193134.0,0.0
3qC3qmZNDXu62hc8YbhWsy,Dear Boy,1vCWHaC5f2uS3yhpwWbIA6,50.0,479333.0,0.0
4sKxpfxfS5AdVczPBtv4QX,Bigfoot - Original Mix,2rTo8KIkBTFjQS7VvaKYQ4,50.0,270000.0,0.0
6AM7t00mfM3bit94yBSpXJ,Maximal Crazy (Radio Edit),2o5jDhtHVPhrJdv3cEQ99Z,49.0,256606.0,0.0
60XSZFXrCkLhgGZUuIcx1F,Going Crazy,6BrvowZBreEkXzJQMpL174,50.0,182578.0,0.0
1QxS9R90ukf9T6ukPTu6GC,The Hum - Short Edit,73jBynjsVtofjRpdpRAJGk,50.0,211000.0,0.0
0TDLuuLlV54CkRRUOahJb4,Titanium (feat. Sia),1Cs0zKBU1kc0i8ypK3B9ai,75.0,245053.0,0.0
0rHVd8h0cFwgLgPFem6S60,Girls Like (feat. Zara Larsson),0Tob4H0FLtEONHU1MjpUEp,76.0,196000.0,0.0
6O85MfGECKBqAK2MgSbCaj,Places,1bj5GrcLom5gZFF5t949Xl,76.0,202745.0,0.0
4hiUYb2nb6NlfTP9CD38Pe,On My Way,2o5jDhtHVPhrJdv3cEQ99Z,73.0,183710.0,0.0
6nsLzJfvp5OLd4mgqUJkpq,Waiting For Love,1vCWHaC5f2uS3yhpwWbIA6,73.0,230613.0,0.0
53Y0kdCa1CZ9gRqEuknfwy,Bang My Head (feat. Sia & Fetty Wap),1Cs0zKBU1kc0i8ypK3B9ai,74.0,193333.0,0.0
6C6MLXm77V9VH0v27oJRak,Thinking About You,6BrvowZBreEkXzJQMpL174,73.0,191311.0,0.0
3c3XJ9P1BjOtmNXKvdVyHK,For A Better Day,1vCWHaC5f2uS3yhpwWbIA6,65.0,206066.0,0.0
5cR7culxUEPLhzIC0KWAH1,Perdoname,6VD4UEUPvtsemqD3mmTqCR,64.0,270053.0,0.0
0VYQK5I08homNvX8SRS37R,Heroes (we could be),4AVFqumd2ogHFlRbKIjp1t,65.0,209866.0,0.0
3FS2e59gXFXrcg7sN2mL5z,Shots & Squats,3tLYpanVDomWAZqF82NPds,66.0,171799.0,0.0
1BMwsK4pa9KhiFmOp1oCjf,Nobody Does It Better,4CuipEvwcoQggmCV8jpKF9,65.0,148292.0,0.0
4gx78VcgdkjAIEWjG1ZrTE,Oxygen,1wzBqAvtFexgKHjt7i3ena,45.0,309158.0,0.0
0WZLWRN2rZMme7RxGbtdns,If I Could,2N8IPNZTiNo3nj4mreOlHU,45.0,232462.0,0.0
0AO7wz6H86ETJVjHuAhDra,Iron Heart,5TgQ66WuWkoQ2xYxaSTnVP,45.0,356360.0,0.0
658NRtIV5BJsA6qYyQSpej,All Nite,5xdizdgbQQvGAgAolGhpXr,45.0,269504.0,0.0
3tIzHV035ggENOtDQBfdTd,Dirty Love,6m8itYST9ADjBIYevXSb1r,47.0,223639.0,0.0
6W21LNLz9Sw7sUSNWMSHRu,Freak On a Leash,3RNrq3jvMZxD9ZyoOZbQOD,66.0,255733.0,0.0
1r1fPuhj9H4VdXr7OK6FL5,CASTLE OF GLASS,6XyY86QOPPrYVGvF9ch6wz,67.0,205400.0,0.0
4BggEwLhGfrbrl7JBhC8EC,Butterfly,4iSKnRZAxkmqNok6tv10Se,66.0,216733.0,0.0
0faXHILILebCGnJBPU6KJJ,The Diary of Jane,5BtHciL0e0zOP7prIHn3pP,66.0,200546.0,0.0
1gyee1JuFFiP476LQpRMYU,The Red,56dO9zeHKuU5Gvfc2kxHNw,66.0,238400.0,0.0
1Vej0qeQ3ioKwpI6FUbRv1,Papercut,6XyY86QOPPrYVGvF9ch6wz,67.0,184866.0,0.0
2piVjJGJ8CQoX6eKH53A5T,Annie,0KydPQPUUoTNhmiHKOg5Er,46.0,242187.0,0.0
3K3gJEbDUQPUIhw15MytrL,Love S.O.S,1gR0gsQYfi6joyO1dlp76N,46.0,303823.0,0.0
4AVfikcLwxAxKpMOi9A2BH,Once Upon a Time,1P6U1dCeHxPui5pIrGmndZ,46.0,303346.0,0.0
5MHnT8tTakjzZsiuHGxXyc,Waiting For The Stars,4M84umUNRbZy1mJleyyRM9,46.0,232833.0,0.0
2NRKqJK2nFpr0VHn74EwhV,Imperium,4pb4rqWSoGUgxm63xmJ8xc,47.0,198853.0,0.0
70HxZbVnoyrfQ4dIWgcYMm,Lex,57dN52uHvrHOxijzpIgu3E,46.0,269746.0,0.0
4Zehi1XQ5vKkIxMoqZ1L38,Change Of Coast,0KydPQPUUoTNhmiHKOg5Er,46.0,192733.0,0.0
3U4KuguRkeLuhsZAl24ik3,The Fool,2exkZbmNqMKnT8LRWuxWgy,46.0,252066.0,0.0
22e6sT2Pu8kXpJeItO0xGg,My Game,4EePV5BljRSXJnYww4d5Qa,42.0,215410.0,0.0
3KK8E89uc9rl2EEhbFiELq,L'apologie,4bhynkwu2d1ZbjPTNBkI2t,42.0,198800.0,0.0
3IwXH9bgTW4chvvoHit66h,Talk To Me - Live,167abweXl3demO9x0VMMeJ,42.0,264266.0,0.0
1l6gU2NsMngXQ94hAgRo00,Chanter,4ZP3CHz28XWVLGiaVVWuLj,41.0,216173.0,0.0
1foqU1aYpEPubCSHZuKSMY,Song For Jedi,75nb7WjICnFHCXFdVX0PkO,42.0,180640.0,0.0
67Et9SBNspGJQqCuOCtl6r,Extra Mile,4EePV5BljRSXJnYww4d5Qa,42.0,303925.0,0.0
1W7IcRwjXT5C4PrB2XlniF,Au conditionnel,4bhynkwu2d1ZbjPTNBkI2t,42.0,205200.0,0.0
7ebyGGBvIus0ZgdbzcXweL,Les hommes que j'aime,5RJtcUSgNu7Y3X9YmZDci9,42.0,213093.0,0.0
4UluFGXeIzL3SGLrX7qwuy,Bal de Bamako (feat. Fatoumata Diawara & Oxmo Puccino),6soPpJHlCtN6SY8pWlfbC6,41.0,229138.0,0.0
12d4zn7xPYuzLuvOdVHqF8,Stop,6RXZaVIbZfdngXJOSGrVH3,42.0,193266.0,0.0
60KbvwQPIv8soov3wzbySK,Coups et blessures,4tHeypFR25Cnx83nuHhrud,41.0,234934.0,0.0
35lmm4tz9hp8r3n49XSFqp,Words Hurt,0xW1QQBD5O09HptO2fEaI4,45.0,221506.0,0.0
6iWCP4kSF2wx9zMa8bUOGS,Pilule,2yQBgACksUJgNKh1JWPWPe,40.0,318905.0,0.0
4hMsrR2JpxCeybyWN786qk,Le Graal,5ylOD196qui8JgXBrQUzok,40.0,191306.0,0.0
6XGmPf0kuUwakHNnLB30mH,L'amour à la française,3oaj9AlMadVi3FkChhwFAz,33.0,162693.0,0.0
1EdwoqELTJLQ4mGV57XmyZ,Aux Sombres Héros De L'Amer,4ksCwAPgMi8rkQwwR3nMos,40.0,180160.0,0.0
5G0dcveKXu0WqaZywtTWPg,Anomalie,4CAsSAU842glNKJX71ndA9,40.0,189520.0,0.0
715zIQcEj658KTFby8MJYp,Le retour à la terre,3oaj9AlMadVi3FkChhwFAz,33.0,232773.0,0.0
3m6KkYKdnbffMpGd9Pm9FP,Seven Nation Army,4F84IBURUo98rz4r61KF70,76.0,231920.0,0.0
2Foc5Q5nqNiosCNqttzHof,Get Lucky - Radio Edit,4tZwfgrHOc3mvqYlEYSvVi,74.0,248413.0,0.0
1vxw6aYJls2oq3gW0DujAo,Crazy,5SbkVQYYzlw1kte75QIabH,71.0,177466.0,0.0
6b2oQwSGFkzsMtQruIWm2p,Creep,4Z8W4fKeB5YxbusRsdQVPb,75.0,238640.0,0.0
4g3Ax56IslQkI6XVfYKVc5,The Less I Know The Better,5INjqkS1o8h1imAzPqGZBb,71.0,216318.0,0.0
57Xjny5yNzAcsxnusKmAfA,Reptilia,0epOFNiUfyON9EYx7Tpr6V,69.0,219753.0,0.0
3SVAN3BRByDmHOhKyIDxfC,Karma Police,4Z8W4fKeB5YxbusRsdQVPb,69.0,264066.0,0.0
3AA8xNhDC0MpqwkGX3EP5V,If I ever feel better,1xU878Z1QtBldR7ru9owdU,66.0,266600.0,0.0
5cwN1htZyoWqZCc33f3RfE,The High Road,6dgwEwnK0YtDfS9XhRwBTG,63.0,232200.0,0.0
4iG2gAwKXsOcijVaVXzRPW,Time to Pretend,0SwO7SWeDHJijQ3XNS7xEE,69.0,261000.0,0.0
1RKUoGiLEbcXN4GY4spQDx,Clint Eastwood,3AA28KZvwAUcZuOKwyblJQ,70.0,340920.0,0.0
7hm4HTk9encxT0LYC0J6oI,Someday,0epOFNiUfyON9EYx7Tpr6V,67.0,183440.0,0.0
5JtPGzRgrWxkXX9LoROq3d,1901,1xU878Z1QtBldR7ru9owdU,63.0,193106.0,0.0
0ugXYEME3ZpzQz64JDX9IA,L'enfant différent,15uNxh8omvRvH71kcdIe2r,36.0,249826.0,0.0
6uxbXY4MQ1jCIGaNqF2Cjj,Au café de la paix,1e8wNOOTAfcvZnYAqxqHZM,36.0,244599.0,0.0
1z3HCe3rtmY0ixku29TgFa,La tristitude,7GBufLo5czrJHbWuo6gD7P,36.0,288950.0,0.0
5JrEDriz04IUQnTviFEUKQ,L'Effet Papillon,6xoAWsIOZxJVPpo7Qvqaqv,35.0,252506.0,0.0
0PITyfwD0Vlp5IzQXnIrkB,La fille du coupeur de joints,5uD9sDsgIlcyH0e6Hkxbat,36.0,232760.0,0.0
5HJQ1jitcd1IhuGY6Phq9s,La Brune,4CAsSAU842glNKJX71ndA9,36.0,115000.0,0.0
